dataset,variant,n_cells,source_n_cells,subsampled,k,iterations,seed,resolution,n_clusters,ARI,AMI,NMI,HOM,graph_construction_seconds,graph_construction_cpu_seconds,fusion_seconds,fusion_cpu_seconds,total_seconds,peak_memory_mb,initial_total_nnz,maximum_total_nnz,final_total_nnz,fused_nnz,nnz_history,source_file,variant_label,dataset_label,analysis_cpu_seconds
mca_Cerebellum_62216,dense_initial,250,2278,True,15,20,42,,,,,,,0.008092002011835575,0.00809202000000031,3.0102669009938836,3.0101627029999998,5.044022914022207,779.4609375,187494,187494,23147,27058,"[187494, 23145, 23150, 23146, 23147, 23147, 23147, 23147, 23147, 23147, 23147, 23147, 23147, 23147, 23147, 23147, 23147, 23147, 23147, 23147, 23147]",mca_Cerebellum_62216__dense_initial__n250.json,Dense initial affinity,MCA cerebellum,3.018254723
mca_Cerebellum_62216,full,250,2278,True,15,20,42,,,,,,,0.013626438565552235,0.013185188000000014,1.434276558458805,1.4281149610000003,4.409719903022051,774.23046875,17880,22520,22520,17438,"[17880, 22513, 22515, 22518, 22518, 22520, 22520, 22520, 22520, 22520, 22520, 22520, 22520, 22520, 22520, 22520, 22520, 22520, 22520, 22520, 22520]",mca_Cerebellum_62216__full__n250.json,Full Hisemble,MCA cerebellum,1.4413001490000004
mca_Cerebellum_62216,no_diffusion,250,2278,True,15,20,42,,,,,,,0.011519619263708591,0.01151839400000032,0.0028888899832963943,0.0028900560000000297,1.8645895421504974,775.34765625,17880,17880,17880,11218,[17880],mca_Cerebellum_62216__no_diffusion__n250.json,No cross-diffusion,MCA cerebellum,0.01440845000000035
mca_Cerebellum_62216,no_dynamic_sparsification,250,2278,True,15,20,42,,,,,,,0.013386438600718975,0.01338727999999989,0.5907949786633253,0.5907693950000001,6.655523095279932,779.296875,17880,187500,187500,62500,"[17880, 185304, 187500, 187500, 187500, 187500, 187500, 187500, 187500, 187500, 187500, 187500, 187500, 187500, 187500, 187500, 187500, 187500, 187500, 187500, 187500]",mca_Cerebellum_62216__no_dynamic_sparsification__n250.json,No dynamic $S_k$,MCA cerebellum,0.604156675
mca_Cerebellum_62216,dense_initial,500,2278,True,15,20,42,,,,,,,0.02621523290872574,0.026215176000000007,19.36030403804034,19.149323813000002,21.450216703116894,805.80859375,749876,749876,46399,65330,"[749876, 46390, 46400, 46397, 46398, 46395, 46398, 46395, 46398, 46396, 46399, 46397, 46399, 46397, 46399, 46398, 46398, 46400, 46398, 46399, 46399]",mca_Cerebellum_62216__dense_initial__n500.json,Dense initial affinity,MCA cerebellum,19.175538989000003
mca_Cerebellum_62216,full,500,2278,True,15,20,42,,,,,,,0.04062865301966667,0.04062837400000019,1.9903348265215755,1.9902889149999998,3.890713800676167,778.3125,36508,45029,45029,38242,"[36508, 45015, 45020, 45027, 45029, 45029, 45029, 45029, 45029, 45029, 45029, 45029, 45029, 45029, 45029, 45029, 45029, 45029, 45029, 45029, 45029]",mca_Cerebellum_62216__full__n500.json,Full Hisemble,MCA cerebellum,2.030917289
mca_Cerebellum_62216,no_diffusion,500,2278,True,15,20,42,,,,,,,0.044951990246772766,0.04495081499999998,0.004115677438676357,0.004118524999999984,2.1626162761822343,778.9921875,36508,36508,36508,24638,[36508],mca_Cerebellum_62216__no_diffusion__n500.json,No cross-diffusion,MCA cerebellum,0.04906933999999996
mca_Cerebellum_62216,no_dynamic_sparsification,500,2278,True,15,20,42,,,,,,,0.03932122327387333,0.03932027299999996,2.106052627786994,2.1060020139999995,4.2772882133722305,807.62890625,36508,750000,750000,250000,"[36508, 595070, 750000, 750000, 750000, 750000, 750000, 750000, 750000, 750000, 750000, 750000, 750000, 750000, 750000, 750000, 750000, 750000, 750000, 750000, 750000]",mca_Cerebellum_62216__no_dynamic_sparsification__n500.json,No dynamic $S_k$,MCA cerebellum,2.1453222869999995
mca_Cerebellum_62216,dense_initial,1000,2278,True,15,20,42,,,,,,,0.10943394899368286,0.10943261299999962,164.87693880591542,142.537298759,166.92565975245088,901.56640625,2999722,2999722,92898,152798,"[2999722, 92878, 92897, 92898, 92897, 92897, 92897, 92898, 92898, 92898, 92898, 92898, 92898, 92898, 92898, 92898, 92898, 92898, 92898, 92898, 92898]",mca_Cerebellum_62216__dense_initial__n1000.json,Dense initial affinity,MCA cerebellum,142.646731372
mca_Cerebellum_62216,full,1000,2278,True,15,20,42,,,,,,,0.17977870255708694,0.17949698699999983,4.591099216602743,4.587767877999999,10.279445157386363,795.1640625,75156,90025,90024,86396,"[75156, 90015, 90018, 90022, 90024, 90025, 90024, 90024, 90024, 90024, 90024, 90024, 90024, 90024, 90024, 90024, 90024, 90024, 90024, 90024, 90024]",mca_Cerebellum_62216__full__n1000.json,Full Hisemble,MCA cerebellum,4.767264865
mca_Cerebellum_62216,no_diffusion,1000,2278,True,15,20,42,,,,,,,0.21234212070703506,0.19329419100000012,0.008066974580287933,0.008070218999999934,3.484119233675301,797.140625,75156,75156,75156,55516,[75156],mca_Cerebellum_62216__no_diffusion__n1000.json,No cross-diffusion,MCA cerebellum,0.20136441000000005
mca_Cerebellum_62216,no_dynamic_sparsification,1000,2278,True,15,20,42,,,,,,,0.1730996686965227,0.17309757500000034,10.066860033199191,9.796399525,13.156177841126919,916.4765625,75156,3000000,3000000,1000000,"[75156, 1781678, 2999926, 3000000, 3000000, 3000000, 3000000, 3000000, 3000000, 3000000, 3000000, 3000000, 3000000, 3000000, 3000000, 3000000, 3000000, 3000000, 3000000, 3000000, 3000000]",mca_Cerebellum_62216__no_dynamic_sparsification__n1000.json,No dynamic $S_k$,MCA cerebellum,9.9694971
mca_Cerebellum_62216,full,1500,2278,True,15,20,42,,,,,,,0.8422843609005213,0.4622272650000001,10.864807209931314,8.541487137999999,14.759662347845733,827.72265625,114638,135059,135058,141718,"[114638, 135044, 135050, 135056, 135058, 135059, 135058, 135059, 135058, 135059, 135059, 135059, 135058, 135059, 135058, 135059, 135058, 135059, 135058, 135059, 135058]",mca_Cerebellum_62216__full__n1500.json,Full Hisemble,MCA cerebellum,9.003714403
mca_Cerebellum_62216,no_diffusion,1500,2278,True,15,20,42,,,,,,,0.3694866606965661,0.3694591270000003,0.0065466249361634254,0.006549495999999877,2.2728489162400365,825.83203125,114638,114638,114638,88698,[114638],mca_Cerebellum_62216__no_diffusion__n1500.json,No cross-diffusion,MCA cerebellum,0.37600862300000015
mca_Cerebellum_62216,no_dynamic_sparsification,1500,2278,True,15,20,42,,,,,,,0.4383710874244571,0.43836635700000004,24.16150794364512,20.700919798,26.813865607604384,1095.2421875,114638,6750000,6750000,2250000,"[114638, 3415196, 6743874, 6750000, 6750000, 6750000, 6750000, 6750000, 6750000, 6750000, 6750000, 6750000, 6750000, 6750000, 6750000, 6750000, 6750000, 6750000, 6750000, 6750000, 6750000]",mca_Cerebellum_62216__no_dynamic_sparsification__n1500.json,No dynamic $S_k$,MCA cerebellum,21.139286155
mca_Cerebellum_62216,full,2000,2278,True,15,20,42,,,,,,,0.8490783926099539,0.8315286829999997,13.422613242641091,11.881850955,16.866670549847186,869.76953125,154536,180068,180067,188220,"[154536, 180035, 180053, 180064, 180067, 180068, 180068, 180067, 180067, 180067, 180067, 180067, 180067, 180067, 180067, 180067, 180067, 180067, 180067, 180067, 180067]",mca_Cerebellum_62216__full__n2000.json,Full Hisemble,MCA cerebellum,12.713379638000001
mca_Cerebellum_62216,no_diffusion,2000,2278,True,15,20,42,,,,,,,1.0095315277576447,0.8235578489999997,0.028568025678396225,0.010583088999999823,3.5032642083242536,866.84765625,154536,154536,154536,121936,[154536],mca_Cerebellum_62216__no_diffusion__n2000.json,No cross-diffusion,MCA cerebellum,0.8341409379999996
mca_Cerebellum_62216,no_dynamic_sparsification,2000,2278,True,15,20,42,,,,,,,0.7166460510343313,0.7165873789999999,51.89281757734716,40.553825795,55.256831146776676,1348.41015625,154536,12000000,12000000,4000000,"[154536, 5404764, 11933368, 12000000, 12000000, 12000000, 12000000, 12000000, 12000000, 12000000, 12000000, 12000000, 12000000, 12000000, 12000000, 12000000, 12000000, 12000000, 12000000, 12000000, 12000000]",mca_Cerebellum_62216__no_dynamic_sparsification__n2000.json,No dynamic $S_k$,MCA cerebellum,41.270413174
