dataset,variant,n_cells,source_n_cells,subsampled,k,iterations,seed,resolution,n_clusters,ARI,AMI,NMI,HOM,graph_construction_seconds,fusion_seconds,total_seconds,peak_memory_mb,initial_total_nnz,maximum_total_nnz,final_total_nnz,fused_nnz,nnz_history,source_file,variant_label,dataset_label,analysis_cpu_seconds
FCA_fetal_33184180_cerebellum,full,3313,3313,False,15,20,42,0.21484375,4,0.34674728096704904,0.4981631711737716,0.49869330233266407,0.46890743635453946,3.006893415004015,36.38075630739331,55.29095693677664,1044.671875,281807,298578,298578,378317,"[281807, 298325, 298367, 298424, 298442, 298467, 298480, 298491, 298503, 298516, 298522, 298532, 298542, 298547, 298553, 298557, 298562, 298569, 298572, 298578, 298578]",FCA_fetal_33184180_cerebellum__full.json,Full Hisemble,FCA cerebellum,
FCA_fetal_33184180_cerebellum,no_diffusion,3313,3313,False,15,20,42,0.3296875,4,0.5753982500885598,0.5299175185351619,0.5304087963854757,0.5044005279613866,5.079528427682817,0.04812848661094904,26.858544070273638,1032.7578125,281807,281807,281807,256083,[281807],FCA_fetal_33184180_cerebellum__no_diffusion.json,No cross-diffusion,FCA cerebellum,
FCA_fetal_33184180_cerebellum,no_dynamic_sparsification,3313,3313,False,15,20,42,0.3583984375,4,0.5458375118367628,0.5408149774621193,0.541313592605578,0.4803889842845801,2.483764744363725,227.50645294971764,1964.923921992071,3142.828125,281807,32927907,32927907,10975969,"[281807, 29418041, 32927907, 32927907, 32927907, 32927907, 32927907, 32927907, 32927907, 32927907, 32927907, 32927907, 32927907, 32927907, 32927907, 32927907, 32927907, 32927907, 32927907, 32927907, 32927907]",FCA_fetal_33184180_cerebellum__no_dynamic_sparsification.json,No dynamic $S_k$,FCA cerebellum,
FCA_fetal_33184180_spleen,full,2157,2157,False,15,20,42,0.13828125000000002,4,0.8230932594688889,0.7078641498203005,0.7084212658564656,0.698586987450352,1.7557012056931853,44.347968387417495,77.97453195601702,785.0625,181989,194413,194412,223607,"[181989, 194267, 194318, 194372, 194393, 194409, 194411, 194412, 194412, 194413, 194413, 194413, 194412, 194413, 194413, 194413, 194413, 194413, 194412, 194413, 194412]",FCA_fetal_33184180_spleen__full.json,Full Hisemble,FCA spleen,
FCA_fetal_33184180_spleen,no_diffusion,2157,2157,False,15,20,42,0.1765625,4,0.8428595576528239,0.7503730951616967,0.7508570618073815,0.7288484165463431,1.0630923453718424,0.015881801024079323,12.39384161774069,785.91015625,181989,181989,181989,159475,[181989],FCA_fetal_33184180_spleen__no_diffusion.json,No cross-diffusion,FCA spleen,
FCA_fetal_33184180_spleen,no_dynamic_sparsification,2157,2157,False,15,20,42,0.253125,4,0.8028470127205721,0.6912234067193201,0.6918179641493831,0.6757501268158937,1.809515431523323,67.87089865095913,314.2081810478121,1736.66015625,181989,13957947,13957947,4652649,"[181989, 11126317, 13957947, 13957947, 13957947, 13957947, 13957947, 13957947, 13957947, 13957947, 13957947, 13957947, 13957947, 13957947, 13957947, 13957947, 13957947, 13957947, 13957947, 13957947, 13957947]",FCA_fetal_33184180_spleen__no_dynamic_sparsification.json,No dynamic $S_k$,FCA spleen,
mca_Cerebellum_62216,full,2278,2278,False,15,20,42,0.7890625,19,0.5590358501043754,0.6783342637404864,0.686194870232742,0.809261193473712,1.1552528627216816,16.697318804450333,30.94589329417795,884.98828125,176778,205088,205088,221302,"[176778, 205063, 205074, 205086, 205086, 205087, 205088, 205088, 205088, 205088, 205088, 205088, 205088, 205088, 205088, 205088, 205088, 205088, 205088, 205088, 205088]",mca_Cerebellum_62216__full.json,Full Hisemble,MCA cerebellum,
mca_Cerebellum_62216,no_diffusion,2278,2278,False,15,20,42,1.2484375,20,0.27380218122673383,0.6105291098404126,0.6207793341947753,0.8136143811211622,1.0835598250851035,0.015374966897070408,11.502566986717284,882.44921875,176778,176778,176778,141444,[176778],mca_Cerebellum_62216__no_diffusion.json,No cross-diffusion,MCA cerebellum,
mca_Cerebellum_62216,no_dynamic_sparsification,2278,2278,False,15,20,42,0.98046875,20,0.4456703816671731,0.6543057351559424,0.6628183360256962,0.7894749823889785,1.3794472478330135,74.62430129852146,528.0656042359769,1933.87109375,176778,15567852,15567852,5189284,"[176778, 6834076, 15489488, 15567852, 15567852, 15567852, 15567852, 15567852, 15567852, 15567852, 15567852, 15567852, 15567852, 15567852, 15567852, 15567852, 15567852, 15567852, 15567852, 15567852, 15567852]",mca_Cerebellum_62216__no_dynamic_sparsification.json,No dynamic $S_k$,MCA cerebellum,
mca_LargeIntestineA_62816,full,2281,2281,False,15,20,42,0.82734375,19,0.26316532059927294,0.4998504141138277,0.5094533460638013,0.7008684794070561,1.4173621833324432,25.77464374061674,40.37791672535241,934.515625,180297,205290,205290,262713,"[180297, 205290, 205290, 205290, 205290, 205290, 205290, 205290, 205290, 205290, 205290, 205290, 205290, 205290, 205290, 205290, 205290, 205290, 205290, 205290, 205290]",mca_LargeIntestineA_62816__full.json,Full Hisemble,MCA large intestine,
mca_LargeIntestineA_62816,no_diffusion,2281,2281,False,15,20,42,1.325,19,0.14796230310041972,0.43009270315999293,0.44266855508210085,0.7158201521517936,1.684532331302762,0.05493893101811409,20.804526288062334,948.85546875,180297,180297,180297,153855,[180297],mca_LargeIntestineA_62816__no_diffusion.json,No cross-diffusion,MCA large intestine,
mca_LargeIntestineA_62816,no_dynamic_sparsification,2281,2281,False,15,20,42,0.7890625,17,0.278272222122693,0.5076270014044799,0.516779033123613,0.6957725116424144,1.185520177707076,71.4744161972776,600.9636187972501,2022.9765625,180297,15608883,15608883,5202961,"[180297, 11384253, 15608797, 15608883, 15608883, 15608883, 15608883, 15608883, 15608883, 15608883, 15608883, 15608883, 15608883, 15608883, 15608883, 15608883, 15608883, 15608883, 15608883, 15608883, 15608883]",mca_LargeIntestineA_62816__no_dynamic_sparsification.json,No dynamic $S_k$,MCA large intestine,
