dataset,n_cells,condition,noise_level,noise_seed,leiden_seed,n_views,resolution,n_clusters,ARI,NMI,elapsed_seconds
FCA_fetal_33184180_spleen,2157,clean,0.0,,42,3,0.13828125000000002,4,0.8230932594688889,0.7084212658564656,19.72394098699442
FCA_fetal_33184180_spleen,2157,omit_lsi,,,42,2,0.10957031250000002,4,0.7799114200344301,0.6657775109175893,14.49579491399345
FCA_fetal_33184180_spleen,2157,gaussian_noise,0.5,0,42,3,0.10957031250000002,4,0.7753902367822461,0.6617050114954681,23.196143866996863
FCA_fetal_33184180_spleen,2157,gaussian_noise,0.5,1,42,3,0.13828125000000002,4,0.8005635877058884,0.6851918942692798,21.419155732000945
FCA_fetal_33184180_spleen,2157,gaussian_noise,0.5,2,42,3,0.13828125000000002,4,0.7749282260500175,0.6598111299707561,21.81819572900713
FCA_fetal_33184180_spleen,2157,gaussian_noise,0.5,3,42,3,0.11914062500000001,4,0.7921912336069458,0.6788151506734055,22.966667196000344
FCA_fetal_33184180_spleen,2157,gaussian_noise,0.5,4,42,3,0.11914062500000001,4,0.7841406871348927,0.6817723633808256,22.84979026899964
FCA_fetal_33184180_spleen,2157,gaussian_noise,1.0,0,42,3,0.13828125000000002,4,0.804946910603451,0.7244973998566292,26.049438753005234
FCA_fetal_33184180_spleen,2157,gaussian_noise,1.0,1,42,3,0.11914062500000001,4,0.7984439634046617,0.7154955608031042,25.077661952003837
FCA_fetal_33184180_spleen,2157,gaussian_noise,1.0,2,42,3,0.1765625,4,0.7763261421946055,0.6611026686482148,25.449792900006287
FCA_fetal_33184180_spleen,2157,gaussian_noise,1.0,3,42,3,0.11914062500000001,4,0.5865963138670099,0.6021415170973928,25.83171773799404
FCA_fetal_33184180_spleen,2157,gaussian_noise,1.0,4,42,3,0.1765625,4,0.8180528921988256,0.7292310470150187,25.06622132100165
FCA_fetal_33184180_spleen,2157,gaussian_noise,2.0,0,42,3,0.1765625,4,0.7551664112781427,0.6437085727275306,28.578638634993695
FCA_fetal_33184180_spleen,2157,gaussian_noise,2.0,1,42,3,0.15742187500000002,4,0.7551328957586418,0.6477123047604902,29.431489360998967
FCA_fetal_33184180_spleen,2157,gaussian_noise,2.0,2,42,3,0.1765625,4,0.7690706700200176,0.6555830177690148,28.115736077001202
FCA_fetal_33184180_spleen,2157,gaussian_noise,2.0,3,42,3,0.1765625,4,0.7680244727353539,0.6611486180900995,29.029851922998205
FCA_fetal_33184180_spleen,2157,gaussian_noise,2.0,4,42,3,0.1765625,4,0.7995990505948327,0.7154405033690122,28.320048702007625
FCA_fetal_33184180_spleen,2157,row_permuted,,0,42,3,0.1765625,4,0.5709710275911623,0.5864144325356021,29.282405628007837
FCA_fetal_33184180_spleen,2157,row_permuted,,1,42,3,0.1765625,4,0.5665979819958731,0.578782668368826,28.930699104996165
FCA_fetal_33184180_spleen,2157,row_permuted,,2,42,3,0.1765625,4,0.5764304543734694,0.5882653435246117,28.802295858011348
FCA_fetal_33184180_spleen,2157,row_permuted,,3,42,3,0.1765625,4,0.5695883060893834,0.5928267806205627,29.882889758009696
FCA_fetal_33184180_spleen,2157,row_permuted,,4,42,3,0.1765625,4,0.4770729338042756,0.46946772575952267,29.920243461005157
FCA_fetal_33184180_cerebellum,3313,clean,0.0,,42,3,0.21484375,4,0.34674728096704904,0.49869330233266407,40.335401292992174
FCA_fetal_33184180_cerebellum,3313,omit_lsi,,,42,2,0.195703125,4,0.4005713651871591,0.4782344409404094,27.972786076003104
FCA_fetal_33184180_cerebellum,3313,gaussian_noise,0.5,0,42,3,0.3296875,4,0.18870321481296468,0.3829140645798794,37.89731901799678
FCA_fetal_33184180_cerebellum,3313,gaussian_noise,0.5,1,42,3,0.253125,4,0.2692006939649302,0.4562766135861142,39.72782510999241
FCA_fetal_33184180_cerebellum,3313,gaussian_noise,0.5,2,42,3,0.253125,4,0.2563039011869361,0.4469950233651205,38.60480425499554
FCA_fetal_33184180_cerebellum,3313,gaussian_noise,0.5,3,42,3,0.3296875,4,0.1909414951717333,0.381028491857639,38.759032397007104
FCA_fetal_33184180_cerebellum,3313,gaussian_noise,0.5,4,42,3,0.253125,4,0.2626714789700527,0.4287577827959226,37.81524419400375
FCA_fetal_33184180_cerebellum,3313,gaussian_noise,1.0,0,42,3,0.29140625,4,-0.0025354177269057104,0.10294742520985647,40.106505882999045
FCA_fetal_33184180_cerebellum,3313,gaussian_noise,1.0,1,42,3,0.253125,4,0.1984846986496492,0.39310599216927494,41.057994511007564
FCA_fetal_33184180_cerebellum,3313,gaussian_noise,1.0,2,42,3,0.253125,4,0.13496079428398983,0.34017538806167114,39.937114432003
FCA_fetal_33184180_cerebellum,3313,gaussian_noise,1.0,3,42,3,0.3009765625,4,0.016841972283337215,0.16752873846337182,40.23575131999678
FCA_fetal_33184180_cerebellum,3313,gaussian_noise,1.0,4,42,3,0.29140625,3,0.05328051577728741,0.21315346428040016,42.53173686101218
FCA_fetal_33184180_cerebellum,3313,gaussian_noise,2.0,0,42,3,0.29140625,4,0.38694531159997253,0.4638493461309216,56.03134684199176
FCA_fetal_33184180_cerebellum,3313,gaussian_noise,2.0,1,42,3,0.29140625,4,0.3253428343277287,0.47829665996525333,54.41398137601209
FCA_fetal_33184180_cerebellum,3313,gaussian_noise,2.0,2,42,3,0.253125,4,0.2125506626359808,0.40842778284063147,49.32631991400558
FCA_fetal_33184180_cerebellum,3313,gaussian_noise,2.0,3,42,3,0.29140625,4,0.3965019883333122,0.48443096619231024,55.88857646600809
FCA_fetal_33184180_cerebellum,3313,gaussian_noise,2.0,4,42,3,0.29140625,4,0.39985841468902567,0.4852846702247693,55.432891257994925
FCA_fetal_33184180_cerebellum,3313,row_permuted,,0,42,3,0.29140625,4,0.3804676868784684,0.4676941773957035,58.92317127199203
FCA_fetal_33184180_cerebellum,3313,row_permuted,,1,42,3,0.310546875,4,0.43772563509954165,0.5011016647292377,60.673658911007806
FCA_fetal_33184180_cerebellum,3313,row_permuted,,2,42,3,0.29140625,4,0.42023770782268616,0.4845123440235971,58.41975617100252
FCA_fetal_33184180_cerebellum,3313,row_permuted,,3,42,3,0.310546875,4,0.377383329642399,0.4746492342309911,61.22816658599186
FCA_fetal_33184180_cerebellum,3313,row_permuted,,4,42,3,0.29140625,4,0.3750962624452357,0.47989355598399025,58.97958647500491
mca_Cerebellum_62216,2278,clean,0.0,,42,3,0.7890625,19,0.5590358501043754,0.686194870232742,19.487958920013625
mca_Cerebellum_62216,2278,omit_lsi,,,42,2,0.8751953125,20,0.3080799064409718,0.6348167052124085,13.172598296005162
mca_Cerebellum_62216,2278,gaussian_noise,0.5,0,42,3,0.7890625,21,0.4917719082258604,0.6526738257876751,21.582666653004708
mca_Cerebellum_62216,2278,gaussian_noise,0.5,1,42,3,0.7986328125,20,0.48545214965055866,0.6671380253764241,21.81014739300008
mca_Cerebellum_62216,2278,gaussian_noise,0.5,2,42,3,0.7125,17,0.5346549791931987,0.6696232549318369,21.59197214800224
mca_Cerebellum_62216,2278,gaussian_noise,0.5,3,42,3,0.693359375,20,0.6711328646701141,0.6998348828938489,20.765589595990605
mca_Cerebellum_62216,2278,gaussian_noise,0.5,4,42,3,0.7125,19,0.5725893642280849,0.6794958273845725,22.198961930000223
mca_Cerebellum_62216,2278,gaussian_noise,1.0,0,42,3,0.731640625,20,0.44549354590658935,0.6404361855956564,25.858463298005518
mca_Cerebellum_62216,2278,gaussian_noise,1.0,1,42,3,0.7890625,21,0.42636551007048806,0.6491584016208313,27.037059428010252
mca_Cerebellum_62216,2278,gaussian_noise,1.0,2,42,3,0.7029296875,19,0.45540299196525014,0.653695539576336,26.745435938995797
mca_Cerebellum_62216,2278,gaussian_noise,1.0,3,42,3,0.7125,20,0.455193041473839,0.6587219416183334,22.00284658400051
mca_Cerebellum_62216,2278,gaussian_noise,1.0,4,42,3,0.7890625,20,0.41995050100746506,0.6333054571230787,24.403409299993655
mca_Cerebellum_62216,2278,gaussian_noise,2.0,0,42,3,0.7125,20,0.41771445876924623,0.6563839720568194,25.654845830998966
mca_Cerebellum_62216,2278,gaussian_noise,2.0,1,42,3,0.808203125,20,0.3179369346663153,0.643866509071774,30.630826603999594
mca_Cerebellum_62216,2278,gaussian_noise,2.0,2,42,3,0.7412109375,20,0.35014150954133066,0.6458836893781629,30.895764503002283
mca_Cerebellum_62216,2278,gaussian_noise,2.0,3,42,3,0.7125,20,0.43311527242298936,0.6707098341581953,25.251824127000873
mca_Cerebellum_62216,2278,gaussian_noise,2.0,4,42,3,0.7125,22,0.4349241094827328,0.6580502919726902,31.178220639005303
mca_Cerebellum_62216,2278,row_permuted,,0,42,3,0.7029296875,21,0.3225180500503494,0.6423799573991346,31.904569566002465
mca_Cerebellum_62216,2278,row_permuted,,1,42,3,0.7125,20,0.3300785773447789,0.6461072434427279,25.86257569900772
mca_Cerebellum_62216,2278,row_permuted,,2,42,3,0.769921875,20,0.2752952449349246,0.6245678679844829,31.80473168399476
mca_Cerebellum_62216,2278,row_permuted,,3,42,3,0.7125,19,0.30018574373982565,0.631843459978992,31.900599969012546
mca_Cerebellum_62216,2278,row_permuted,,4,42,3,0.75078125,20,0.27965803263750233,0.6182327295379517,30.397169812000357
mca_LargeIntestineA_62816,2281,clean,0.0,,42,3,0.8177734375000001,18,0.26303459366666304,0.5103048965353162,24.92037182599597
mca_LargeIntestineA_62816,2281,omit_lsi,,,42,2,0.8464843750000001,18,0.2264801989754177,0.5082225103768971,14.890311256007408
mca_LargeIntestineA_62816,2281,gaussian_noise,0.5,0,42,3,0.75078125,18,0.23267310411558498,0.50019724134477,26.317994407989318
mca_LargeIntestineA_62816,2281,gaussian_noise,0.5,1,42,3,0.75078125,18,0.26288925516508016,0.5092950305829321,25.29846023200662
mca_LargeIntestineA_62816,2281,gaussian_noise,0.5,2,42,3,0.7125,18,0.26953879512506035,0.5149221254389412,22.072922364008264
mca_LargeIntestineA_62816,2281,gaussian_noise,0.5,3,42,3,0.7603515624999999,18,0.25482243363704754,0.5129423847338054,27.541744645001017
mca_LargeIntestineA_62816,2281,gaussian_noise,0.5,4,42,3,0.75078125,18,0.21900921164411077,0.4895595634547178,25.27837867999915
mca_LargeIntestineA_62816,2281,gaussian_noise,1.0,0,42,3,0.8656250000000001,18,0.20213139162999388,0.4793616456629066,26.9074343819957
mca_LargeIntestineA_62816,2281,gaussian_noise,1.0,1,42,3,0.693359375,18,0.24172994525653826,0.4934458572153194,30.34974818500632
mca_LargeIntestineA_62816,2281,gaussian_noise,1.0,2,42,3,0.7125,19,0.2561174841151385,0.507270793137766,30.653542949003167
mca_LargeIntestineA_62816,2281,gaussian_noise,1.0,3,42,3,0.7125,19,0.2272241336365137,0.49742817452402005,31.140266053000232
mca_LargeIntestineA_62816,2281,gaussian_noise,1.0,4,42,3,0.6742187500000001,17,0.23286849528596165,0.49938756818259933,30.18076286399446
mca_LargeIntestineA_62816,2281,gaussian_noise,2.0,0,42,3,0.8177734375000001,18,0.1862509117433349,0.48066304751579314,36.74765688300249
mca_LargeIntestineA_62816,2281,gaussian_noise,2.0,1,42,3,0.7125,18,0.20891034143657727,0.4960698404399357,27.34332515198912
mca_LargeIntestineA_62816,2281,gaussian_noise,2.0,2,42,3,0.731640625,18,0.21404574529997403,0.4855227330358743,33.91437479099841
mca_LargeIntestineA_62816,2281,gaussian_noise,2.0,3,42,3,0.7125,18,0.19229036882664144,0.4763998500801262,27.14882339599717
mca_LargeIntestineA_62816,2281,gaussian_noise,2.0,4,42,3,0.7125,18,0.2013531659861691,0.4789396528044984,27.756195234993356
mca_LargeIntestineA_62816,2281,row_permuted,,0,42,3,0.7125,19,0.20624365052698934,0.49577423589435743,36.18589136500668
mca_LargeIntestineA_62816,2281,row_permuted,,1,42,3,0.75078125,17,0.19278045504074867,0.48568708177071507,35.77821852899797
mca_LargeIntestineA_62816,2281,row_permuted,,2,42,3,0.693359375,18,0.2253030561156766,0.5054543678781034,34.7342887709965
mca_LargeIntestineA_62816,2281,row_permuted,,3,42,3,0.808203125,18,0.14719163074169134,0.4608904816895009,36.15685280600155
mca_LargeIntestineA_62816,2281,row_permuted,,4,42,3,0.7125,18,0.20117749816884167,0.48660239480349315,28.450799485013704
