dataset,n_cells,seed,resolution,n_clusters,ARI,NMI
FCA_fetal_33184180_spleen,2157,0,0.13828125000000002,4,0.7982710930793455,0.685471836898504
FCA_fetal_33184180_spleen,2157,1,0.13828125000000002,4,0.8242411394797777,0.7093113063161568
FCA_fetal_33184180_spleen,2157,2,0.13828125000000002,4,0.8242411394797777,0.7093113063161568
FCA_fetal_33184180_spleen,2157,3,0.13828125000000002,4,0.8230932594688889,0.7084212658564656
FCA_fetal_33184180_spleen,2157,4,0.13828125000000002,4,0.8242411394797777,0.7093113063161568
FCA_fetal_33184180_spleen,2157,42,0.13828125000000002,4,0.8230932594688889,0.7084212658564656
FCA_fetal_33184180_spleen,2157,101,0.13828125000000002,4,0.7982710930793455,0.685471836898504
FCA_fetal_33184180_spleen,2157,202,0.13828125000000002,4,0.8242411394797777,0.7093113063161568
FCA_fetal_33184180_spleen,2157,314,0.13828125000000002,4,0.8230932594688889,0.7084212658564656
FCA_fetal_33184180_spleen,2157,777,0.13828125000000002,4,0.8230932594688889,0.7084212658564656
FCA_fetal_33184180_cerebellum,3313,0,0.1765625,4,0.3269256719110653,0.49129354299796374
FCA_fetal_33184180_cerebellum,3313,1,0.1765625,4,0.32676521079212895,0.4908762802137831
FCA_fetal_33184180_cerebellum,3313,2,0.1765625,4,0.3269256719110653,0.49129354299796374
FCA_fetal_33184180_cerebellum,3313,3,0.1765625,4,0.3269256719110653,0.49129354299796374
FCA_fetal_33184180_cerebellum,3313,4,0.1765625,4,0.3269256719110653,0.49129354299796374
FCA_fetal_33184180_cerebellum,3313,42,0.21484375,4,0.34674728096704904,0.49869330233266407
FCA_fetal_33184180_cerebellum,3313,101,0.1765625,4,0.3282183915641731,0.4896520610692646
FCA_fetal_33184180_cerebellum,3313,202,0.1765625,4,0.3269256719110653,0.49129354299796374
FCA_fetal_33184180_cerebellum,3313,314,0.1765625,4,0.3269256719110653,0.49129354299796374
FCA_fetal_33184180_cerebellum,3313,777,0.1765625,4,0.32676521079212895,0.4908762802137831
mca_Cerebellum_62216,2278,0,0.7890625,20,0.5713391568631363,0.6887945188748211
mca_Cerebellum_62216,2278,1,0.7794921875,19,0.5524717553241814,0.6861471274034538
mca_Cerebellum_62216,2278,2,0.7890625,20,0.5667230416125599,0.6873234599012751
mca_Cerebellum_62216,2278,3,0.75078125,19,0.628081350108473,0.705147936881797
mca_Cerebellum_62216,2278,4,0.7794921875,20,0.570910257638252,0.6880848763936299
mca_Cerebellum_62216,2278,42,0.7890625,19,0.5590358501043754,0.686194870232742
mca_Cerebellum_62216,2278,101,0.769921875,20,0.5687548739666733,0.6886982263766103
mca_Cerebellum_62216,2278,202,0.75078125,20,0.5641088945412182,0.6941258359384507
mca_Cerebellum_62216,2278,314,0.7890625,19,0.5677527757735951,0.6884692115537163
mca_Cerebellum_62216,2278,777,0.7986328125,20,0.5299602816999084,0.6763945085639929
mca_LargeIntestineA_62816,2281,0,0.7890625,18,0.25684309956433876,0.5131474339173113
mca_LargeIntestineA_62816,2281,1,0.8177734375000001,18,0.26221301444087813,0.5128943412188876
mca_LargeIntestineA_62816,2281,2,0.8177734375000001,18,0.2567478017658071,0.5106984215666508
mca_LargeIntestineA_62816,2281,3,0.7890625,19,0.25617525994604234,0.5096100256944505
mca_LargeIntestineA_62816,2281,4,0.769921875,18,0.2554400214711897,0.5109166663881761
mca_LargeIntestineA_62816,2281,42,0.82734375,19,0.26316532059927294,0.5094533460638013
mca_LargeIntestineA_62816,2281,101,0.82734375,18,0.262083797219363,0.5100428490493276
mca_LargeIntestineA_62816,2281,202,0.808203125,18,0.25439106632116093,0.5082104298669742
mca_LargeIntestineA_62816,2281,314,0.808203125,18,0.2610879887835554,0.5105434623970067
mca_LargeIntestineA_62816,2281,777,0.82734375,17,0.2639129618476452,0.5120838686998499
