dataset,seed_1,seed_2,partition_ARI
FCA_fetal_33184180_spleen,0,1,0.9440496815259778
FCA_fetal_33184180_spleen,0,2,0.9440496815259778
FCA_fetal_33184180_spleen,0,3,0.9425483707961299
FCA_fetal_33184180_spleen,0,4,0.9440496815259778
FCA_fetal_33184180_spleen,0,42,0.9425483707961299
FCA_fetal_33184180_spleen,0,101,1.0
FCA_fetal_33184180_spleen,0,202,0.9440496815259778
FCA_fetal_33184180_spleen,0,314,0.9425483707961299
FCA_fetal_33184180_spleen,0,777,0.9425483707961299
FCA_fetal_33184180_spleen,1,2,1.0
FCA_fetal_33184180_spleen,1,3,0.9974003723759612
FCA_fetal_33184180_spleen,1,4,1.0
FCA_fetal_33184180_spleen,1,42,0.9974003723759612
FCA_fetal_33184180_spleen,1,101,0.9440496815259778
FCA_fetal_33184180_spleen,1,202,1.0
FCA_fetal_33184180_spleen,1,314,0.9974003723759612
FCA_fetal_33184180_spleen,1,777,0.9974003723759612
FCA_fetal_33184180_spleen,2,3,0.9974003723759612
FCA_fetal_33184180_spleen,2,4,1.0
FCA_fetal_33184180_spleen,2,42,0.9974003723759612
FCA_fetal_33184180_spleen,2,101,0.9440496815259778
FCA_fetal_33184180_spleen,2,202,1.0
FCA_fetal_33184180_spleen,2,314,0.9974003723759612
FCA_fetal_33184180_spleen,2,777,0.9974003723759612
FCA_fetal_33184180_spleen,3,4,0.9974003723759612
FCA_fetal_33184180_spleen,3,42,1.0
FCA_fetal_33184180_spleen,3,101,0.9425483707961299
FCA_fetal_33184180_spleen,3,202,0.9974003723759612
FCA_fetal_33184180_spleen,3,314,1.0
FCA_fetal_33184180_spleen,3,777,1.0
FCA_fetal_33184180_spleen,4,42,0.9974003723759612
FCA_fetal_33184180_spleen,4,101,0.9440496815259778
FCA_fetal_33184180_spleen,4,202,1.0
FCA_fetal_33184180_spleen,4,314,0.9974003723759612
FCA_fetal_33184180_spleen,4,777,0.9974003723759612
FCA_fetal_33184180_spleen,42,101,0.9425483707961299
FCA_fetal_33184180_spleen,42,202,0.9974003723759612
FCA_fetal_33184180_spleen,42,314,1.0
FCA_fetal_33184180_spleen,42,777,1.0
FCA_fetal_33184180_spleen,101,202,0.9440496815259778
FCA_fetal_33184180_spleen,101,314,0.9425483707961299
FCA_fetal_33184180_spleen,101,777,0.9425483707961299
FCA_fetal_33184180_spleen,202,314,0.9974003723759612
FCA_fetal_33184180_spleen,202,777,0.9974003723759612
FCA_fetal_33184180_spleen,314,777,1.0
FCA_fetal_33184180_cerebellum,0,1,0.99903521891865
FCA_fetal_33184180_cerebellum,0,2,1.0
FCA_fetal_33184180_cerebellum,0,3,1.0
FCA_fetal_33184180_cerebellum,0,4,1.0
FCA_fetal_33184180_cerebellum,0,42,0.9536061891897083
FCA_fetal_33184180_cerebellum,0,101,0.9935964543209431
FCA_fetal_33184180_cerebellum,0,202,1.0
FCA_fetal_33184180_cerebellum,0,314,1.0
FCA_fetal_33184180_cerebellum,0,777,0.99903521891865
FCA_fetal_33184180_cerebellum,1,2,0.99903521891865
FCA_fetal_33184180_cerebellum,1,3,0.99903521891865
FCA_fetal_33184180_cerebellum,1,4,0.99903521891865
FCA_fetal_33184180_cerebellum,1,42,0.9545660935355184
FCA_fetal_33184180_cerebellum,1,101,0.9926350239823066
FCA_fetal_33184180_cerebellum,1,202,0.99903521891865
FCA_fetal_33184180_cerebellum,1,314,0.99903521891865
FCA_fetal_33184180_cerebellum,1,777,1.0
FCA_fetal_33184180_cerebellum,2,3,1.0
FCA_fetal_33184180_cerebellum,2,4,1.0
FCA_fetal_33184180_cerebellum,2,42,0.9536061891897083
FCA_fetal_33184180_cerebellum,2,101,0.9935964543209431
FCA_fetal_33184180_cerebellum,2,202,1.0
FCA_fetal_33184180_cerebellum,2,314,1.0
FCA_fetal_33184180_cerebellum,2,777,0.99903521891865
FCA_fetal_33184180_cerebellum,3,4,1.0
FCA_fetal_33184180_cerebellum,3,42,0.9536061891897083
FCA_fetal_33184180_cerebellum,3,101,0.9935964543209431
FCA_fetal_33184180_cerebellum,3,202,1.0
FCA_fetal_33184180_cerebellum,3,314,1.0
FCA_fetal_33184180_cerebellum,3,777,0.99903521891865
FCA_fetal_33184180_cerebellum,4,42,0.9536061891897083
FCA_fetal_33184180_cerebellum,4,101,0.9935964543209431
FCA_fetal_33184180_cerebellum,4,202,1.0
FCA_fetal_33184180_cerebellum,4,314,1.0
FCA_fetal_33184180_cerebellum,4,777,0.99903521891865
FCA_fetal_33184180_cerebellum,42,101,0.958097997555388
FCA_fetal_33184180_cerebellum,42,202,0.9536061891897083
FCA_fetal_33184180_cerebellum,42,314,0.9536061891897083
FCA_fetal_33184180_cerebellum,42,777,0.9545660935355184
FCA_fetal_33184180_cerebellum,101,202,0.9935964543209431
FCA_fetal_33184180_cerebellum,101,314,0.9935964543209431
FCA_fetal_33184180_cerebellum,101,777,0.9926350239823066
FCA_fetal_33184180_cerebellum,202,314,1.0
FCA_fetal_33184180_cerebellum,202,777,0.99903521891865
FCA_fetal_33184180_cerebellum,314,777,0.99903521891865
mca_Cerebellum_62216,0,1,0.8826157686510426
mca_Cerebellum_62216,0,2,0.9882666298028615
mca_Cerebellum_62216,0,3,0.8939096335356954
mca_Cerebellum_62216,0,4,0.9761678055398896
mca_Cerebellum_62216,0,42,0.959743785988848
mca_Cerebellum_62216,0,101,0.9334633964684663
mca_Cerebellum_62216,0,202,0.6844341882724366
mca_Cerebellum_62216,0,314,0.9703377609170548
mca_Cerebellum_62216,0,777,0.8830063360637449
mca_Cerebellum_62216,1,2,0.8788487568569339
mca_Cerebellum_62216,1,3,0.8668669910876519
mca_Cerebellum_62216,1,4,0.8898748862001942
mca_Cerebellum_62216,1,42,0.9022702260415028
mca_Cerebellum_62216,1,101,0.9028548248148646
mca_Cerebellum_62216,1,202,0.6612266012384456
mca_Cerebellum_62216,1,314,0.8937329423224024
mca_Cerebellum_62216,1,777,0.9419791937334989
mca_Cerebellum_62216,2,3,0.890959059580828
mca_Cerebellum_62216,2,4,0.9793190026941283
mca_Cerebellum_62216,2,42,0.9515629015406465
mca_Cerebellum_62216,2,101,0.9233487752926208
mca_Cerebellum_62216,2,202,0.6828154741696795
mca_Cerebellum_62216,2,314,0.9764858434808525
mca_Cerebellum_62216,2,777,0.8811976187340017
mca_Cerebellum_62216,3,4,0.8964107214284044
mca_Cerebellum_62216,3,42,0.9014785693529589
mca_Cerebellum_62216,3,101,0.8713202239283099
mca_Cerebellum_62216,3,202,0.7339386750959734
mca_Cerebellum_62216,3,314,0.8979478443374419
mca_Cerebellum_62216,3,777,0.8306028202264066
mca_Cerebellum_62216,4,42,0.9491405805105497
mca_Cerebellum_62216,4,101,0.9216307800865362
mca_Cerebellum_62216,4,202,0.6860887441310537
mca_Cerebellum_62216,4,314,0.9786174552673748
mca_Cerebellum_62216,4,777,0.8890441512089032
mca_Cerebellum_62216,42,101,0.9470848847009604
mca_Cerebellum_62216,42,202,0.6760169529586818
mca_Cerebellum_62216,42,314,0.9472998157110023
mca_Cerebellum_62216,42,777,0.9025364340532597
mca_Cerebellum_62216,101,202,0.6712499940560359
mca_Cerebellum_62216,101,314,0.9219423222016592
mca_Cerebellum_62216,101,777,0.9040231515452712
mca_Cerebellum_62216,202,314,0.6832892844497852
mca_Cerebellum_62216,202,777,0.6297843734248777
mca_Cerebellum_62216,314,777,0.8961901142691949
mca_LargeIntestineA_62816,0,1,0.891450404458548
mca_LargeIntestineA_62816,0,2,0.8457763992140946
mca_LargeIntestineA_62816,0,3,0.985887743762311
mca_LargeIntestineA_62816,0,4,0.9907996396884056
mca_LargeIntestineA_62816,0,42,0.8729684264636265
mca_LargeIntestineA_62816,0,101,0.8749626882816735
mca_LargeIntestineA_62816,0,202,0.9901172053842029
mca_LargeIntestineA_62816,0,314,0.8903538512692847
mca_LargeIntestineA_62816,0,777,0.8593093345148168
mca_LargeIntestineA_62816,1,2,0.9303974526011063
mca_LargeIntestineA_62816,1,3,0.8966423963216178
mca_LargeIntestineA_62816,1,4,0.8970125690577235
mca_LargeIntestineA_62816,1,42,0.9664710373062534
mca_LargeIntestineA_62816,1,101,0.9689433348799359
mca_LargeIntestineA_62816,1,202,0.8970977159434769
mca_LargeIntestineA_62816,1,314,0.9881102405088432
mca_LargeIntestineA_62816,1,777,0.9380961545294545
mca_LargeIntestineA_62816,2,3,0.8441163689106093
mca_LargeIntestineA_62816,2,4,0.8472468748647946
mca_LargeIntestineA_62816,2,42,0.9284312224304866
mca_LargeIntestineA_62816,2,101,0.9385765569478837
mca_LargeIntestineA_62816,2,202,0.8486503332155341
mca_LargeIntestineA_62816,2,314,0.931870891520208
mca_LargeIntestineA_62816,2,777,0.9309783279040833
mca_LargeIntestineA_62816,3,4,0.9908248401500322
mca_LargeIntestineA_62816,3,42,0.8788679656659111
mca_LargeIntestineA_62816,3,101,0.8796122712563869
mca_LargeIntestineA_62816,3,202,0.9876905780979136
mca_LargeIntestineA_62816,3,314,0.8938494953503073
mca_LargeIntestineA_62816,3,777,0.8566059555378981
mca_LargeIntestineA_62816,4,42,0.8782527260495135
mca_LargeIntestineA_62816,4,101,0.8790454557583971
mca_LargeIntestineA_62816,4,202,0.9956290264870946
mca_LargeIntestineA_62816,4,314,0.8937941311756412
mca_LargeIntestineA_62816,4,777,0.8546879637905759
mca_LargeIntestineA_62816,42,101,0.9813456651949821
mca_LargeIntestineA_62816,42,202,0.8805590664754424
mca_LargeIntestineA_62816,42,314,0.9674022147019383
mca_LargeIntestineA_62816,42,777,0.9601905819783698
mca_LargeIntestineA_62816,101,202,0.8813210852670458
mca_LargeIntestineA_62816,101,314,0.9748390127100489
mca_LargeIntestineA_62816,101,777,0.9552274189153955
mca_LargeIntestineA_62816,202,314,0.8961334141841154
mca_LargeIntestineA_62816,202,777,0.8549301303176309
mca_LargeIntestineA_62816,314,777,0.9378009515913224
